"id","kind","value","solana_pk","timestamp"
1,tokens,CKaKtYvz6dKPyMvYq9Rh3UBrnNqYZAyd7iF4hJtjUvks,"5fKjRxBa6o8Y7P4TeZ3bt84CSLFikuUfCbCmRKwZu4jF",2023-09-29 14:40:24.045
2,tokens,CKaKtYvz6dKPyMvYq9Rh3UBrnNqYZAyd7iF4hJtjUvks,"7GZV8javjc5ZyK2w77JgMPpQ9xFHnYbwDm5hHMzx7k5J",2023-09-29 14:43:52.888
3,token_interaction,CKaKtYvz6dKPyMvYq9Rh3UBrnNqYZAyd7iF4hJtjUvks,"7GZV8javjc5ZyK2w77JgMPpQ9xFHnYbwDm5hHMzx7k5J",2023-09-29 14:43:55.141
4,tags,ai-big-data,"5gkeJzFSEndfc73J5dQnM3ZwuEpW5K9HNhY2MnDinmVd",2023-09-29 14:46:35.051
5,tokens,LABSfApdYpC5Ek1tQiCFAoQP5K8CvADe2GgdYrA2QHh,"3QWgCJksLbGpgsZ42LAv2tsePb6eCM2YwGDf5cSS1WEz",2023-09-29 15:04:37.151
6,tokens,"5s4BYUXLuvs9ZcVDTxkTpKhThWFSpaU8GG55q2iySe2N","3QWgCJksLbGpgsZ42LAv2tsePb6eCM2YwGDf5cSS1WEz",2023-09-29 15:04:53.069
7,tokens,Gz3u6eJaKEviYpPC5AwUziz891kNX76PNdsmJrnaNNY4,"3QWgCJksLbGpgsZ42LAv2tsePb6eCM2YwGDf5cSS1WEz",2023-09-29 15:05:06.818
9,tags,play-to-earn,FmBh8YNDqSffwX25EtJckxwGmKtrz3VX3LAeFCsHtnHP,2023-09-29 15:38:58.320
10,tags,metaverse,FmBh8YNDqSffwX25EtJckxwGmKtrz3VX3LAeFCsHtnHP,2023-09-29 15:39:01.435
11,tags,gaming,FmBh8YNDqSffwX25EtJckxwGmKtrz3VX3LAeFCsHtnHP,2023-09-29 15:39:03.292
12,tags,collectibles-nfts,FmBh8YNDqSffwX25EtJckxwGmKtrz3VX3LAeFCsHtnHP,2023-09-29 15:39:07.596
13,tokens,AAmGoPDFLG6bE82BgZWjVi8k95tj9Tf3vUN7WvtUm2BU,Dc2i7QKfeepnHjipWPiZ4LVZxvesmSk1X1QvZ9BGLgVf,2023-09-29 15:41:07.400
14,tokens,AAmGoPDFLG6bE82BgZWjVi8k95tj9Tf3vUN7WvtUm2BU,"3KaBZ2gDce7imEqAku853fNVbCzc1uNw8AEbJRzgFo6g",2023-09-29 15:42:24.160
15,tokens,AAmGoPDFLG6bE82BgZWjVi8k95tj9Tf3vUN7WvtUm2BU,A48GxaaofGomeBYr9qawRD7pFxwty4szjusRg7isYfh1,2023-09-29 15:43:44.077
16,tokens,AAmGoPDFLG6bE82BgZWjVi8k95tj9Tf3vUN7WvtUm2BU,,2023-09-29 15:44:13.861
17,tokens,AAmGoPDFLG6bE82BgZWjVi8k95tj9Tf3vUN7WvtUm2BU,,2023-09-29 15:45:33.911
18,tokens,AAmGoPDFLG6bE82BgZWjVi8k95tj9Tf3vUN7WvtUm2BU,,2023-09-29 15:46:19.583
19,tokens,AAmGoPDFLG6bE82BgZWjVi8k95tj9Tf3vUN7WvtUm2BU,"4BogyquYUMKVDgCPJL1N2Ybma1UM7Tgqqu3LdLAWdMrX",2023-09-29 15:47:01.280
20,tokens,AAmGoPDFLG6bE82BgZWjVi8k95tj9Tf3vUN7WvtUm2BU,,2023-09-29 15:47:11.357
22,tokens,AAmGoPDFLG6bE82BgZWjVi8k95tj9Tf3vUN7WvtUm2BU,EoXD2rQ9FhgGWsnkKHvVcjnyKUNwytYeFaBVkVoCMc34,2023-09-29 15:48:34.383
25,tokens,AAmGoPDFLG6bE82BgZWjVi8k95tj9Tf3vUN7WvtUm2BU,J98WwrkfhSLXzRjz6Ki89RodzrLUo51xpsLFbz5a8vJQ,2023-09-29 15:51:43.384
27,tokens,AAmGoPDFLG6bE82BgZWjVi8k95tj9Tf3vUN7WvtUm2BU,D1njZMXoCgTzaASdqekCY75JLxX7whddAbh1CU4tS3dN,2023-09-29 15:56:17.178
30,tokens,AAmGoPDFLG6bE82BgZWjVi8k95tj9Tf3vUN7WvtUm2BU,"5gFDDZ1mAPf7ShUJg1VNhWpTpRFJxH4aNoVUaCpYuyJ9",2023-09-29 15:57:55.472
31,tokens,AAmGoPDFLG6bE82BgZWjVi8k95tj9Tf3vUN7WvtUm2BU,"4MJ8ehzCQWDU4rgjbHAHD5vwDaSBF1uCH2VLL2w3Z3k3",2023-09-29 16:05:01.184
34,tokens,AAmGoPDFLG6bE82BgZWjVi8k95tj9Tf3vUN7WvtUm2BU,No5c5SoQTevLnL1GNGAJQdAv9rZHshL4RjHwuk9W4Gh,2023-09-29 16:51:50.800
35,tokens,AAmGoPDFLG6bE82BgZWjVi8k95tj9Tf3vUN7WvtUm2BU,"3uAfg3qdBMio5DkHQdegNy5BX4eacPHMC6m3W7UpsKh5",2023-09-29 17:06:06.296
37,tokens,AAmGoPDFLG6bE82BgZWjVi8k95tj9Tf3vUN7WvtUm2BU,"9yWT6xfQf3LiFtrqfToYY6S9QtdwsXcGHFLoAs88DQ3S",2023-09-29 17:06:32.334
40,tokens,AAmGoPDFLG6bE82BgZWjVi8k95tj9Tf3vUN7WvtUm2BU,DLKxW7eevEZKkxin3LEw7f9WxbmXpdNvJtvA4x1m4XRs,2023-09-29 17:08:16.638
44,tokens,AAmGoPDFLG6bE82BgZWjVi8k95tj9Tf3vUN7WvtUm2BU,Fi5UFSizaRra1Tqm7E96uDqpr52mkaeuigwoh3Sw29WN,2023-09-29 17:09:02.994
46,tokens,AAmGoPDFLG6bE82BgZWjVi8k95tj9Tf3vUN7WvtUm2BU,BZKbgVc4g4Bimk8AfwhartBvFjRfa6TdMuaSZRHn5fdJ,2023-09-29 17:10:41.380
49,tokens,AAmGoPDFLG6bE82BgZWjVi8k95tj9Tf3vUN7WvtUm2BU,"7CdEfyLqayRnhichz3BXigjx3H5KoL1Y5EW2TeJz3M6Y",2023-09-29 17:16:13.437
51,tokens,AAmGoPDFLG6bE82BgZWjVi8k95tj9Tf3vUN7WvtUm2BU,"3bNvzj29KPwiNrnJgCNjkmCWdd9LRnyLKbafMn6KwJt8",2023-09-29 17:20:51.075
52,tokens,AAmGoPDFLG6bE82BgZWjVi8k95tj9Tf3vUN7WvtUm2BU,E1NiFsN98RrkbtTe62NQqgJ53oq9QwBMfrnjZYGpY7Uu,2023-09-29 17:20:57.981
59,tokens,AAmGoPDFLG6bE82BgZWjVi8k95tj9Tf3vUN7WvtUm2BU,CDZStxN22Qs3Xhq5MMqpqkovH5ehZCvzsaySnYCshwgR,2023-09-29 17:24:05.312
61,tokens,AAmGoPDFLG6bE82BgZWjVi8k95tj9Tf3vUN7WvtUm2BU,DSvr5X667U1e95XKe4Ar8775CNmBzYFF8sGYU3WQR4rK,2023-09-29 17:25:07.896
67,tokens,AAmGoPDFLG6bE82BgZWjVi8k95tj9Tf3vUN7WvtUm2BU,"9DUmuq4v3vHfVnE4mKjse8jvBueorvVRUJZc4ziVaizB",2023-09-29 17:27:19.794
69,tokens,AAmGoPDFLG6bE82BgZWjVi8k95tj9Tf3vUN7WvtUm2BU,Hx1Qp9SEg29EDzYXk3H3Et6o98Tnyt5E6tRkpYsy6QEB,2023-09-29 17:28:10.883
70,tokens,AAmGoPDFLG6bE82BgZWjVi8k95tj9Tf3vUN7WvtUm2BU,AHBydsFujaQMfb4YoCGNTVJ6cSum1SwGhyoZVDT1ykhB,2023-09-29 17:35:23.442
71,tokens,"5s4BYUXLuvs9ZcVDTxkTpKhThWFSpaU8GG55q2iySe2N",AHBydsFujaQMfb4YoCGNTVJ6cSum1SwGhyoZVDT1ykhB,2023-09-29 17:35:49.076
72,tokens,LABSfApdYpC5Ek1tQiCFAoQP5K8CvADe2GgdYrA2QHh,AHBydsFujaQMfb4YoCGNTVJ6cSum1SwGhyoZVDT1ykhB,2023-09-29 17:36:24.815
73,tokens,cxxShYRVcepDudXhe7U62QHvw8uBJoKFifmzggGKVC2,AHBydsFujaQMfb4YoCGNTVJ6cSum1SwGhyoZVDT1ykhB,2023-09-29 17:36:39.219
74,token_interaction,cxxShYRVcepDudXhe7U62QHvw8uBJoKFifmzggGKVC2,AHBydsFujaQMfb4YoCGNTVJ6cSum1SwGhyoZVDT1ykhB,2023-09-29 17:38:32.279
76,tokens,cxxShYRVcepDudXhe7U62QHvw8uBJoKFifmzggGKVC2,"8N5ZwGsuyEhivLQrJBDwi9zEsrSKuavDz5YBPs2wy2ui",2023-09-29 17:41:15.752
77,token_interaction,cxxShYRVcepDudXhe7U62QHvw8uBJoKFifmzggGKVC2,"8N5ZwGsuyEhivLQrJBDwi9zEsrSKuavDz5YBPs2wy2ui",2023-09-29 17:41:24.361
82,tokens,cxxShYRVcepDudXhe7U62QHvw8uBJoKFifmzggGKVC2,ANxXgjXZwnuBXoM74j6NH2BSixhNWNeZsUtw5w6nhKfn,2023-09-29 17:48:44.878
83,tokens,cxxShYRVcepDudXhe7U62QHvw8uBJoKFifmzggGKVC2,"6fR4kjes864CdyfXNBwX8ZaTTdkFYzCjdCrtLjNf6Sz6",2023-09-29 17:49:00.918
84,token_interaction,cxxShYRVcepDudXhe7U62QHvw8uBJoKFifmzggGKVC2,"6fR4kjes864CdyfXNBwX8ZaTTdkFYzCjdCrtLjNf6Sz6",2023-09-29 17:49:14.680
88,tokens,cxxShYRVcepDudXhe7U62QHvw8uBJoKFifmzggGKVC2,"2KiCyrRhULyp5tJfaZcG2qXKjtg8sWCPegjdKSAx8UE8",2023-09-29 17:51:14.503
89,tokens,cxxShYRVcepDudXhe7U62QHvw8uBJoKFifmzggGKVC2,Ap8aeM7QXprGyD4NQCGoNtGNWaNKm8YkNenUrFUj6uCg,2023-09-29 17:51:21.303
90,tokens,cxxShYRVcepDudXhe7U62QHvw8uBJoKFifmzggGKVC2,HXcLq6wGdA9bgMeNRzjjVDqUpZmLNvq1fUy8gzaDYBKx,2023-09-29 17:51:46.620
91,tokens,cxxShYRVcepDudXhe7U62QHvw8uBJoKFifmzggGKVC2,"9KmAC5XWcaZQLdfD6wCUv3xWmSt3zDUh8dqpeRHWYtWR",2023-09-29 17:52:50.650
92,tokens,cxxShYRVcepDudXhe7U62QHvw8uBJoKFifmzggGKVC2,WYEjTxvPqCQ3WPRLjTiQ63fyRgqtty8eu5H3FoSQtm1,2023-09-29 17:53:03.838
93,tokens,cxxShYRVcepDudXhe7U62QHvw8uBJoKFifmzggGKVC2,DN8AKKLfB91x7WgeDSQs8ZGXS7adSB7rYLHXR1ZUmGXt,2023-09-29 17:53:26.002
94,tokens,cxxShYRVcepDudXhe7U62QHvw8uBJoKFifmzggGKVC2,GA2SopJe8caJxdGDjaTFi8TfCyuCQdVS3JzVmTHRqePH,2023-09-29 17:55:12.556
95,tokens,cxxShYRVcepDudXhe7U62QHvw8uBJoKFifmzggGKVC2,Rnhohb7SUc4ywU8sGeaDBXpbBgX9dg4A2P4Ar9vE1YZ,2023-09-29 17:55:21.629
96,tokens,cxxShYRVcepDudXhe7U62QHvw8uBJoKFifmzggGKVC2,DU52ZpaVk4Rcn8NHf1Ra8QDaHhfH7BkfwpXn1BWPqR62,2023-09-29 17:56:01.467
97,tokens,cxxShYRVcepDudXhe7U62QHvw8uBJoKFifmzggGKVC2,"9Fx7Ys3kYjd1ZviE2mHVWyBX1dNuruUaJwG56K9iBPS2",2023-09-29 17:56:13.114
98,tokens,cxxShYRVcepDudXhe7U62QHvw8uBJoKFifmzggGKVC2,AFPVC1L41Gj2wiAEMjMJuYwJVJchZrnEeAoQnAxARPYS,2023-09-29 17:56:26.911
99,tokens,cxxShYRVcepDudXhe7U62QHvw8uBJoKFifmzggGKVC2,"5mgdabaEyaCf8aWyjd7jLyUTibqLPuvUMDFDKArKsDSy",2023-09-29 17:56:47.623
100,tokens,cxxShYRVcepDudXhe7U62QHvw8uBJoKFifmzggGKVC2,HYDu7ooet3SW4yyKdezdayEaotYwgQU2es5CSppNd9Ce,2023-09-29 17:58:46.913
101,tokens,cxxShYRVcepDudXhe7U62QHvw8uBJoKFifmzggGKVC2,AtihJ1iWWhmV4DvN9hMTTgbWo5HrvZkEjApvTdnytTJj,2023-09-29 21:37:06.463
102,tokens,cxxShYRVcepDudXhe7U62QHvw8uBJoKFifmzggGKVC2,Gpudvm7UXUWP2kDntEH7B3NwGufytSsGmfX6UPBZVCm5,2023-09-29 21:37:43.708
103,tokens,cxxShYRVcepDudXhe7U62QHvw8uBJoKFifmzggGKVC2,D6wWc1yRSfeHrf7mg74btju3rYue5fdvQstjMf2WD1HE,2023-09-29 21:38:15.341
104,tokens,cxxShYRVcepDudXhe7U62QHvw8uBJoKFifmzggGKVC2,EvttCU4xf1EMkUVtSc4HU2YCUdpV3b8TBVD8gLkeA3xu,2023-09-29 21:39:10.853
105,tokens,cxxShYRVcepDudXhe7U62QHvw8uBJoKFifmzggGKVC2,"4YYBtJq3LK9ncQcYwtLbzK6RRxo1Sq3Uwa9AvinWnece",2023-09-29 21:40:15.714
106,tokens,cxxShYRVcepDudXhe7U62QHvw8uBJoKFifmzggGKVC2,"5quYNHDws6tN7sCuGexsmHeKgFibaQ7tWAwPqFYRMT9z",2023-09-29 21:40:42.473
107,tokens,cxxShYRVcepDudXhe7U62QHvw8uBJoKFifmzggGKVC2,GF6AowGZ3aHJZdaUBRzWMjdGL6FKv5cGMRDQBQxzyAba,2023-09-29 21:41:34.195
108,tokens,cxxShYRVcepDudXhe7U62QHvw8uBJoKFifmzggGKVC2,"9gX6MT1vD2Akbywj38jJWDodZiySnmUQwyEbVNz271ip",2023-09-29 21:42:00.277
109,tokens,cxxShYRVcepDudXhe7U62QHvw8uBJoKFifmzggGKVC2,"4RHSoQE8xrbFiHHFQJ4P2y6G1pRvpCET2VFQL1Mh5uXm",2023-09-29 21:42:18.046
110,tokens,cxxShYRVcepDudXhe7U62QHvw8uBJoKFifmzggGKVC2,DrwAKKy4NP8tNojKDCX4wesA6avj1Cv8net6XRKy38P7,2023-09-29 21:43:02.590
111,tokens,cxxShYRVcepDudXhe7U62QHvw8uBJoKFifmzggGKVC2,GMzDPeAg6Am8xxGZNeoQLoYqxb9Huu9u1vfrFLcbPEiX,2023-09-29 21:44:25.247
112,tokens,cxxShYRVcepDudXhe7U62QHvw8uBJoKFifmzggGKVC2,DB8Pn9jbc91ExuUCC5LFhu35tnAuysQBPiXA8tai8WMJ,2023-09-29 21:45:13.631
113,tokens,cxxShYRVcepDudXhe7U62QHvw8uBJoKFifmzggGKVC2,Dua4ri42xmiC3zwHptcTXrcCtkiSrbMSdAiXPDsDve4q,2023-09-29 21:46:09.975
114,tokens,cxxShYRVcepDudXhe7U62QHvw8uBJoKFifmzggGKVC2,"613V4zigZuJB4TvFGMvy4NTTTbVMKetzEiduipY88j4Q",2023-09-29 21:50:03.921
115,tokens,cxxShYRVcepDudXhe7U62QHvw8uBJoKFifmzggGKVC2,"2ZRVaaqbV1B1mh1KWN7BxsWohtXTQtwwgQh31k69eVAq",2023-09-29 21:52:00.655
116,tokens,AAmGoPDFLG6bE82BgZWjVi8k95tj9Tf3vUN7WvtUm2BU,,2023-09-29 21:55:21.100
118,tokens,cxxShYRVcepDudXhe7U62QHvw8uBJoKFifmzggGKVC2,D1fASxf53ZmEeWxJK6HMAWwejdiELpxkBoqV1X1bwVsz,2023-09-29 21:59:13.767
121,tokens,CKaKtYvz6dKPyMvYq9Rh3UBrnNqYZAyd7iF4hJtjUvks,D1fASxf53ZmEeWxJK6HMAWwejdiELpxkBoqV1X1bwVsz,2023-09-29 22:01:30.305
122,tokens,H7Qc9APCWWGDVxGD5fJHmLTmdEgT9GFatAKFNg6sHh8A,D1fASxf53ZmEeWxJK6HMAWwejdiELpxkBoqV1X1bwVsz,2023-09-29 22:01:34.166
123,tokens,GEYrotdkRitGUK5UMv3aMttEhVAZLhRJMcG82zKYsaWB,D1fASxf53ZmEeWxJK6HMAWwejdiELpxkBoqV1X1bwVsz,2023-09-29 22:02:47.139
125,tokens,"7dHbWXmci3dT8UFYWYZweBLXgycu7Y3iL6trKn1Y7ARj",D1fASxf53ZmEeWxJK6HMAWwejdiELpxkBoqV1X1bwVsz,2023-09-29 22:03:37.622
128,tokens,"7dHbWXmci3dT8UFYWYZweBLXgycu7Y3iL6trKn1Y7ARj",DpaVdLKZZJeNCvTCaJFydzfjZxbGaLrdYyusNLUjabjk,2023-09-29 22:05:54.233
129,tokens,"7dHbWXmci3dT8UFYWYZweBLXgycu7Y3iL6trKn1Y7ARj",FEPmKrfUWZkM2gJxWwacp3debsNNb5euRTxDwyzDMLwt,2023-09-30 11:06:50.403
133,tokens,"7dHbWXmci3dT8UFYWYZweBLXgycu7Y3iL6trKn1Y7ARj",Byskx1xJdw5KKFT5mMvEoBi1MTVJS7aLtNp27bvpcaJz,2023-09-30 11:17:20.981
134,tokens,"7dHbWXmci3dT8UFYWYZweBLXgycu7Y3iL6trKn1Y7ARj",ACpbtUDcXHKmkmJRMYnpHgeq6bqoMwzrRDVnjYCNqvn3,2023-09-30 11:18:02.283
143,tokens,"7dHbWXmci3dT8UFYWYZweBLXgycu7Y3iL6trKn1Y7ARj","5z1hy6aBrzo94K9EcdMVBM7hatDGFWiv5LtDHkLvyguF",2023-09-30 11:28:12.353
144,tokens,"7dHbWXmci3dT8UFYWYZweBLXgycu7Y3iL6trKn1Y7ARj",DZjv1R1WADXpPcSGEu6G9w44agv8Ff95tfgMpvF8U1wY,2023-09-30 11:28:28.544
146,tokens,"7dHbWXmci3dT8UFYWYZweBLXgycu7Y3iL6trKn1Y7ARj",rDCjnGSmEadb2vTBbWChLnKVqiTajZFWqNKFkyqpeU2,2023-09-30 11:29:06.782
150,tokens,APTtJyaRX5yGTsJU522N4VYWg3vCvSb65eam5GrPT5Rt,rDCjnGSmEadb2vTBbWChLnKVqiTajZFWqNKFkyqpeU2,2023-09-30 11:32:28.680
153,tokens,APTtJyaRX5yGTsJU522N4VYWg3vCvSb65eam5GrPT5Rt,HGudQcQ8A7tQnGSf13FLpEhd4gJqfZofXEPBLq2uZY17,2023-09-30 11:34:17.117
156,tokens,H7Qc9APCWWGDVxGD5fJHmLTmdEgT9GFatAKFNg6sHh8A,HGudQcQ8A7tQnGSf13FLpEhd4gJqfZofXEPBLq2uZY17,2023-09-30 11:38:35.229
157,tokens,"8ymi88q5DtmdNTn2sPRNFkvMkszMHuLJ1e3RVdWjPa3s",HGudQcQ8A7tQnGSf13FLpEhd4gJqfZofXEPBLq2uZY17,2023-09-30 11:39:01.462
166,tokens,"8ymi88q5DtmdNTn2sPRNFkvMkszMHuLJ1e3RVdWjPa3s",HgMohcp9BG8ADJMmREucCNQxNLZzKz5PLkkri7GozLXJ,2023-09-30 12:07:30.542
172,tokens,"8ymi88q5DtmdNTn2sPRNFkvMkszMHuLJ1e3RVdWjPa3s","",2023-09-30 12:10:04.649
173,tokens,CKaKtYvz6dKPyMvYq9Rh3UBrnNqYZAyd7iF4hJtjUvks,FxtRPRYr9k9v5DpyELYu6SP7fNv8j4d5sYefsdqAqNqT,2023-09-30 12:10:21.890
174,token_interaction,CKaKtYvz6dKPyMvYq9Rh3UBrnNqYZAyd7iF4hJtjUvks,FxtRPRYr9k9v5DpyELYu6SP7fNv8j4d5sYefsdqAqNqT,2023-09-30 12:10:35.498
176,tokens,CKaKtYvz6dKPyMvYq9Rh3UBrnNqYZAyd7iF4hJtjUvks,"4P4tuw1ofjPiw6H4sDJSpU8TiusnzFj1a5gQgzPFwizs",2023-09-30 12:11:44.235
177,token_interaction,CKaKtYvz6dKPyMvYq9Rh3UBrnNqYZAyd7iF4hJtjUvks,"4P4tuw1ofjPiw6H4sDJSpU8TiusnzFj1a5gQgzPFwizs",2023-09-30 12:11:48.473
180,tokens,CKaKtYvz6dKPyMvYq9Rh3UBrnNqYZAyd7iF4hJtjUvks,"96azawwXGgkE1bSAVMJtCfaf8rb4Wfn8VmFY5tad384v",2023-09-30 12:15:53.300
181,tokens,CKaKtYvz6dKPyMvYq9Rh3UBrnNqYZAyd7iF4hJtjUvks,"3H5jGk5SAPgi22mkCCKXtDd5f3itmK84czg5kiSRnQGD",2023-09-30 12:16:15.495
182,tokens,CKaKtYvz6dKPyMvYq9Rh3UBrnNqYZAyd7iF4hJtjUvks,GPVenXQoNQcywcqZdTusB2QNLYBXnNFEJnEdU9ietTD,2023-09-30 12:16:24.082
183,tokens,CKaKtYvz6dKPyMvYq9Rh3UBrnNqYZAyd7iF4hJtjUvks,"47BtrmR8zJDxF9Byz7yhKmYMS5Wt3Te7QPLovKfbQQUw",2023-09-30 12:16:33.384
184,tokens,CKaKtYvz6dKPyMvYq9Rh3UBrnNqYZAyd7iF4hJtjUvks,FKu2edZUfk8Jeq6nhTVZ3X2spfWRBJABp9tNUJjFKU17,2023-09-30 12:16:59.911
185,tokens,CKaKtYvz6dKPyMvYq9Rh3UBrnNqYZAyd7iF4hJtjUvks,CWxxvG3AS43UpFN1RNK8ZQR6WDZZxnHRRS2tmgiHDfGx,2023-09-30 12:17:17.334
186,tokens,CKaKtYvz6dKPyMvYq9Rh3UBrnNqYZAyd7iF4hJtjUvks,Af2qxomxnpwE17eBPCqWn2pwadG9NsFxHR6ct9Fe2VQu,2023-09-30 12:17:57.704
187,tokens,CKaKtYvz6dKPyMvYq9Rh3UBrnNqYZAyd7iF4hJtjUvks,DNSrZxeQApKCwueP14PHtzK316cHYCsQRYWiRKPqxbyH,2023-09-30 12:18:17.603
188,tokens,CKaKtYvz6dKPyMvYq9Rh3UBrnNqYZAyd7iF4hJtjUvks,C5gsVVcvNVTcJ2eK24qFTXeWKQcJzZtJn44FrejqrJ4j,2023-09-30 12:18:40.838
189,tokens,CKaKtYvz6dKPyMvYq9Rh3UBrnNqYZAyd7iF4hJtjUvks,Ad7fSHVGUTYVWb7SB4YUhAct7ciCKMAuNDKgpFdfG3La,2023-09-30 12:19:12.504
190,tokens,CKaKtYvz6dKPyMvYq9Rh3UBrnNqYZAyd7iF4hJtjUvks,"13e1gmHAyFGDeMn1orwooTErMgUwmdbn5yHEDuihWtak",2023-09-30 12:21:05.053
191,tokens,CKaKtYvz6dKPyMvYq9Rh3UBrnNqYZAyd7iF4hJtjUvks,"8m9Q6GdKP9y7aH7KXBoPWzstyrimTHFweZm7DbzRGh86",2023-09-30 12:21:49.797
192,tokens,CKaKtYvz6dKPyMvYq9Rh3UBrnNqYZAyd7iF4hJtjUvks,"9jQRU9eDi4nkUFwaf5zca4KiXHQc1CbgYdracSoNfbBp",2023-09-30 12:25:02.449
193,tokens,CKaKtYvz6dKPyMvYq9Rh3UBrnNqYZAyd7iF4hJtjUvks,"5MYuqU6WmqbeVBxmwc3dYLmxqKH7HUjTcALFQg2qFg41",2023-09-30 12:25:34.631
194,tokens,CKaKtYvz6dKPyMvYq9Rh3UBrnNqYZAyd7iF4hJtjUvks,"38SEt9WAN7DZuhJsheYgxHkWHwB28qCSVprUgAPsia5g",2023-09-30 12:25:53.970
195,tokens,CKaKtYvz6dKPyMvYq9Rh3UBrnNqYZAyd7iF4hJtjUvks,"6HjEz7ftkmKMwnUAEFFQmSZLNvdE61QyLdpWc8Qxr4u9",2023-09-30 12:26:09.844
196,tokens,CKaKtYvz6dKPyMvYq9Rh3UBrnNqYZAyd7iF4hJtjUvks,"4oA2cdrYo6xi1M373Rc4dMVPwfm6AURyjh8fN1KeGetk",2023-09-30 12:26:20.494
197,tokens,CKaKtYvz6dKPyMvYq9Rh3UBrnNqYZAyd7iF4hJtjUvks,Dqo1DFfgBZXFt61D2uJGXQHciHXwHyo6o1Ndk4JHnc4h,2023-09-30 12:26:37.621
198,tokens,CKaKtYvz6dKPyMvYq9Rh3UBrnNqYZAyd7iF4hJtjUvks,"9Tyt3A8yc1mBeecDtZxzHtMDRYqQZVbVWguVYKu68TWK",2023-09-30 12:26:51.424
199,tokens,CKaKtYvz6dKPyMvYq9Rh3UBrnNqYZAyd7iF4hJtjUvks,EAVt1hxFTDJ1BoPFBU2dNKhNqm2HZQWFui2NYszJPARw,2023-09-30 12:29:31.322
200,tokens,CKaKtYvz6dKPyMvYq9Rh3UBrnNqYZAyd7iF4hJtjUvks,GEN77UL384LDS84bFk65ht5vbJKC9uNtnDbuqD5SUkZi,2023-09-30 12:29:46.972
201,tokens,CKaKtYvz6dKPyMvYq9Rh3UBrnNqYZAyd7iF4hJtjUvks,"7ZY9yjz7h79HYCFo27nThZwVeU27hnRcieW4Lx9UuBpN",2023-09-30 12:30:05.267
202,tokens,CKaKtYvz6dKPyMvYq9Rh3UBrnNqYZAyd7iF4hJtjUvks,B1M6Ym3ZBRGDtgAtkNgLEQobY3CSMqEBB6MnnbXHpNBV,2023-09-30 12:30:15.274
203,tokens,CKaKtYvz6dKPyMvYq9Rh3UBrnNqYZAyd7iF4hJtjUvks,"7zm17JdinbT49vC1g7GwdZ8qn5Cwe8wpXpnfKoVqQKKw",2023-09-30 12:30:34.354
204,tokens,CKaKtYvz6dKPyMvYq9Rh3UBrnNqYZAyd7iF4hJtjUvks,Go86SuGrXtksCjJXFoYgEDtct4n7CrNyujdL8kD4fRGn,2023-09-30 12:30:56.970
205,tokens,CKaKtYvz6dKPyMvYq9Rh3UBrnNqYZAyd7iF4hJtjUvks,BB42qycymv16Nb85pP1gNpmkFyztwawKY8nPgm221zd2,2023-09-30 12:31:32.619
206,tokens,CKaKtYvz6dKPyMvYq9Rh3UBrnNqYZAyd7iF4hJtjUvks,"6zampXDYqHUgwLThC4ojwk57cTneMk871GtfakLNB6ds",2023-09-30 12:31:57.511
207,tokens,CKaKtYvz6dKPyMvYq9Rh3UBrnNqYZAyd7iF4hJtjUvks,"14EV6tP2BpwqAj9if86tbchqfjn9At6cEKNKQAEH5RtR",2023-09-30 12:33:09.257
208,tokens,CKaKtYvz6dKPyMvYq9Rh3UBrnNqYZAyd7iF4hJtjUvks,DfLiCHzp3HGrPEL9xHNeo2wAZtg58bXVTXpKu4kYcrrc,2023-09-30 12:33:45.963
209,tokens,CKaKtYvz6dKPyMvYq9Rh3UBrnNqYZAyd7iF4hJtjUvks,"3cUXcLpv1d2XQgnyx7BFWgoVYqmJ8DyQMJA5WF3WLQv7",2023-09-30 12:34:25.691
210,tokens,CKaKtYvz6dKPyMvYq9Rh3UBrnNqYZAyd7iF4hJtjUvks,"7SHtR5V86JbRUtjR8Uc1pZhpQij8kb3qMTVKvAY9cN7Z",2023-09-30 12:34:34.393
211,tokens,CKaKtYvz6dKPyMvYq9Rh3UBrnNqYZAyd7iF4hJtjUvks,"7qsFBykrrg31pWHdNsvhZV6k9As1yTYaBTJ6K9mnnGg9",2023-09-30 12:34:41.667
212,tokens,CKaKtYvz6dKPyMvYq9Rh3UBrnNqYZAyd7iF4hJtjUvks,A9WMDE2TxXjsxjB4YagaPNc5fy4JLSC2bsGdu6BJ6nPF,2023-09-30 12:35:39.985
213,tokens,CKaKtYvz6dKPyMvYq9Rh3UBrnNqYZAyd7iF4hJtjUvks,"9r13Cm3bvvopry7S63uF7absxiXbkSTaKbrb4CPfkToL",2023-09-30 12:36:21.771
214,tokens,CKaKtYvz6dKPyMvYq9Rh3UBrnNqYZAyd7iF4hJtjUvks,D9S3W1NtCQ3zaaKSyXYD3HFXyzWiT9aQXWNaCxBxVeN4,2023-09-30 12:36:34.928
215,tokens,CKaKtYvz6dKPyMvYq9Rh3UBrnNqYZAyd7iF4hJtjUvks,"9aCNqggGxS9AJWLojeSoLPpyr6GyyhAZ183JZFNiRC2G",2023-09-30 12:39:04.032
216,tokens,CKaKtYvz6dKPyMvYq9Rh3UBrnNqYZAyd7iF4hJtjUvks,GN1Uk5E1KCJpGseLHELp7YXSkEPY2qR7smXbQFmoToKU,2023-09-30 12:39:36.087
217,tokens,CKaKtYvz6dKPyMvYq9Rh3UBrnNqYZAyd7iF4hJtjUvks,"6mkG39ZvPNkMpBUqgx7J6pQE1KGN76WejfSnqiAhb87E",2023-09-30 12:39:51.803
218,tokens,CKaKtYvz6dKPyMvYq9Rh3UBrnNqYZAyd7iF4hJtjUvks,"6jL71n8FVydhPtoQLs4Bvb562ECfjg6TiBS3y2W81FDt",2023-09-30 12:40:13.811
219,tags,metaverse,"4tQLKnvedecDfPwdgBYLPbgdQNRbisTa4heMnzZFtF4s",2023-10-01 21:57:55.012
220,tokens,HfYFjMKNZygfMC8LsQ8LtpPsPxEJoXJx4M6tqi75Hajo,"4tQLKnvedecDfPwdgBYLPbgdQNRbisTa4heMnzZFtF4s",2023-10-01 21:57:58.250
221,token_interaction,HfYFjMKNZygfMC8LsQ8LtpPsPxEJoXJx4M6tqi75Hajo,"4tQLKnvedecDfPwdgBYLPbgdQNRbisTa4heMnzZFtF4s",2023-10-01 21:58:54.010
222,tags,metaverse,AmyWtMy5PTbpiY4Z1vR8F5vX6wGqvDQ8vAcUUJfKUzaN,2023-10-01 22:20:35.987
223,tokens,HfYFjMKNZygfMC8LsQ8LtpPsPxEJoXJx4M6tqi75Hajo,AmyWtMy5PTbpiY4Z1vR8F5vX6wGqvDQ8vAcUUJfKUzaN,2023-10-01 22:20:37.625
224,tokens,"674PmuiDtgKx3uKuJ1B16f9m5L84eFvNwj3xDMvHcbo7","3adRRorvA1Bs5t1t37YDQphUCk2k2TEdSpSXqCZsZtFr",2023-10-02 08:13:30.150
226,tokens,"674PmuiDtgKx3uKuJ1B16f9m5L84eFvNwj3xDMvHcbo7","2Pq7E9qU1U2BZ1yzBpZ2gAVCfYbu3Jv2LwAws1eLgrWT",2023-10-02 08:15:01.193
227,tokens,"674PmuiDtgKx3uKuJ1B16f9m5L84eFvNwj3xDMvHcbo7","3oaWiVLBmq98STzccCdeVnqx9S8zgcSC1hzQmhzgubqu",2023-10-02 08:15:27.763
231,tokens,"674PmuiDtgKx3uKuJ1B16f9m5L84eFvNwj3xDMvHcbo7",GkUE9gtb9cSY18tbwVJrRjernQja4uZLwHX8zbSZJ8Pf,2023-10-02 08:28:50.567
233,tokens,"674PmuiDtgKx3uKuJ1B16f9m5L84eFvNwj3xDMvHcbo7",Djhr3eMdtR3rTF9uxgzgpDPge2ri9ZcNTWGJ4JX6PD2Z,2023-10-02 08:29:11.899
246,tokens,"674PmuiDtgKx3uKuJ1B16f9m5L84eFvNwj3xDMvHcbo7",HK22SwKhT61PQsRJUCMfzLkYy4da3DsU9xnhBnLHzRfA,2023-10-02 08:52:31.716
247,tokens,UXPhBoR3qG4UCiGNJfV7MqhHyFqKN68g45GoYvAeL2M,"9quLn5RjeJ19zESXGEBhUPEVjDDdxRHjoAyM4CGiEUap",2023-10-02 08:53:08.117
249,tokens,UXPhBoR3qG4UCiGNJfV7MqhHyFqKN68g45GoYvAeL2M,"7zEZ7kNT6R8o67BjxksYZ4tAqqTBpBzvvqrePpXYYPWp",2023-10-02 08:54:08.049
252,tokens,UXPhBoR3qG4UCiGNJfV7MqhHyFqKN68g45GoYvAeL2M,"9sefnFwTaBUybbv5EBxZSrStdHpPaiyAtWnAUYnbxmHf",2023-10-02 08:55:28.517
255,tokens,UXPhBoR3qG4UCiGNJfV7MqhHyFqKN68g45GoYvAeL2M,Fk6NrL6W5b1cCuLfJxzzcKmKLtd4XW9PMzeAsipCwx64,2023-10-02 08:56:45.240
256,tokens,UXPhBoR3qG4UCiGNJfV7MqhHyFqKN68g45GoYvAeL2M,CVCxCr1pUQh9wrpZCKJg8MfPypg4HFgp5gJ4cScTwWy3,2023-10-02 08:59:11.176
258,tokens,UXPhBoR3qG4UCiGNJfV7MqhHyFqKN68g45GoYvAeL2M,Ba3k5jBWkRc4EicNXbLixTcKGcCuToPyFGCqBCG4o4nq,2023-10-02 08:59:31.910
259,tokens,"6Y7LbYB3tfGBG6CSkyssoxdtHb77AEMTRVXe8JUJRwZ7",FnZeNcdAYtY9BzvHmuDCKCdGwKDYayeXi8bJycNwWXCv,2023-10-02 09:01:08.821
261,tokens,"6Y7LbYB3tfGBG6CSkyssoxdtHb77AEMTRVXe8JUJRwZ7","2iCRVjE2MZxRSfjXnWb8fqNryf91Yznbshes5wKuCGBS",2023-10-02 09:01:50.535
262,tokens,"6Y7LbYB3tfGBG6CSkyssoxdtHb77AEMTRVXe8JUJRwZ7","4K16ZKFM1oUmcCtPfP5fEGRJXAihWJYTgCYKHoXf47Pq",2023-10-02 09:02:13.342
269,tokens,AAmGoPDFLG6bE82BgZWjVi8k95tj9Tf3vUN7WvtUm2BU,,2023-10-02 14:11:47.632
270,tokens,"2Kc38rfQ49DFaKHQaWbijkE7fcymUMLY5guUiUsDmFfn",,2023-10-02 14:13:57.583
275,tokens,"6Y7LbYB3tfGBG6CSkyssoxdtHb77AEMTRVXe8JUJRwZ7",CqjRCanwHcgzZhxiLsAbv4GUM8gvFpytb5nV3WvSNVdy,2023-10-02 14:23:15.135
276,tokens,"6Y7LbYB3tfGBG6CSkyssoxdtHb77AEMTRVXe8JUJRwZ7",F18D5kWDn8Nf2D9vVC7STVCuRsZCoWZT2oG4VDQA81Yb,2023-10-02 18:06:33.717
277,tokens,YtfMZ4jg2ubdz4GasY86iuGjHdo5rCPJnFqgSf8gxAz,F18D5kWDn8Nf2D9vVC7STVCuRsZCoWZT2oG4VDQA81Yb,2023-10-02 18:06:47.449
278,tokens,"6kwTqmdQkJd8qRr9RjSnUX9XJ24RmJRSrU1rsragP97Y",F18D5kWDn8Nf2D9vVC7STVCuRsZCoWZT2oG4VDQA81Yb,2023-10-02 18:07:37.706
284,tags,play-to-earn,F18D5kWDn8Nf2D9vVC7STVCuRsZCoWZT2oG4VDQA81Yb,2023-10-02 18:13:32.049
285,tokens,AAmGoPDFLG6bE82BgZWjVi8k95tj9Tf3vUN7WvtUm2BU,F18D5kWDn8Nf2D9vVC7STVCuRsZCoWZT2oG4VDQA81Yb,2023-10-02 18:13:35.264
286,tokens,AAmGoPDFLG6bE82BgZWjVi8k95tj9Tf3vUN7WvtUm2BU,"9xyFkpWoNTv4e61jBnVYcmp1yahFpPuTUTBh7ZVqdRAr",2023-10-02 18:27:23.717
287,tokens,AAmGoPDFLG6bE82BgZWjVi8k95tj9Tf3vUN7WvtUm2BU,A7NVMor68jPEXLywPDmDyu2fZ2RdhqBtZX9q2Lxev49K,2023-10-02 18:27:36.418
288,tokens,AAmGoPDFLG6bE82BgZWjVi8k95tj9Tf3vUN7WvtUm2BU,HPVXADG6zFE4wo3CaAiKBEQSUqHbU4vStWfJ1JGE3PAr,2023-10-02 18:28:33.082
289,tokens,AAmGoPDFLG6bE82BgZWjVi8k95tj9Tf3vUN7WvtUm2BU,"6uJaS4VfqBAMhGayNiUdey6Ber8Bmc14fpbsbHhcA27L",2023-10-02 18:28:45.503
290,tokens,AAmGoPDFLG6bE82BgZWjVi8k95tj9Tf3vUN7WvtUm2BU,"8Zbbvdf3nitmFkyAeJMW7maGspPVqHPHxw5m5pcCssrQ",2023-10-03 09:22:03.604
291,tokens,cxxShYRVcepDudXhe7U62QHvw8uBJoKFifmzggGKVC2,"3FbfnUgdMN2QakBP18TsoY2U9a4WD3KASDU1U5d67gTV",2023-10-03 09:34:25.056
292,tokens,cxxShYRVcepDudXhe7U62QHvw8uBJoKFifmzggGKVC2,HXnTESDkzRK5UGNdzTe3NE1AbCfYWn6Rqsix124JrA6t,2023-10-03 09:34:42.032
293,tokens,cxxShYRVcepDudXhe7U62QHvw8uBJoKFifmzggGKVC2,"6rqtVNLWCBRh9543rBErFNtiVMHc1w78XBqEc5CYQWsk",2023-10-03 09:42:53.694
295,tokens,cxxShYRVcepDudXhe7U62QHvw8uBJoKFifmzggGKVC2,"3KgMgSVp9cDfcZdeV8t4SAaqnhFLHYHhQUnAFWtZfcUX",2023-10-03 09:43:41.062
296,tokens,cxxShYRVcepDudXhe7U62QHvw8uBJoKFifmzggGKVC2,"5i9ebD7f42yQKVRaLSkEMrQQByKivGxZQfj9N5JBYnf5",2023-10-03 09:44:15.016
297,tokens,cxxShYRVcepDudXhe7U62QHvw8uBJoKFifmzggGKVC2,"32GxoNspDvRToj6ds59NhpDUu59c2RcVrGSAShX1w5no",2023-10-03 09:45:25.286
302,tokens,cxxShYRVcepDudXhe7U62QHvw8uBJoKFifmzggGKVC2,"64K6JcmVpJHzceiSEuAaU35HtMFVd43UH6Lp5MVbibkB",2023-10-03 09:47:56.035
303,tokens,"674PmuiDtgKx3uKuJ1B16f9m5L84eFvNwj3xDMvHcbo7","64K6JcmVpJHzceiSEuAaU35HtMFVd43UH6Lp5MVbibkB",2023-10-03 09:49:13.347
304,tokens,Gz3u6eJaKEviYpPC5AwUziz891kNX76PNdsmJrnaNNY4,"64K6JcmVpJHzceiSEuAaU35HtMFVd43UH6Lp5MVbibkB",2023-10-03 09:49:17.978
305,tokens,CRYPTi2V87Tu6aLc9gSwXM1wSLc6rjZh3TGC4GDRCecq,"64K6JcmVpJHzceiSEuAaU35HtMFVd43UH6Lp5MVbibkB",2023-10-03 09:49:20.960
306,tokens,PRiME7gDoiG1vGr95a3CRMv9xHY7UGjd4JKvfSkmQu2,"64K6JcmVpJHzceiSEuAaU35HtMFVd43UH6Lp5MVbibkB",2023-10-03 09:49:40.623
308,tokens,PRiME7gDoiG1vGr95a3CRMv9xHY7UGjd4JKvfSkmQu2,EMXtqLfkk6qmS49hXcKLMStxT9eae912T5sS5BhTcZbe,2023-10-04 11:06:40.480
309,tokens,PRiME7gDoiG1vGr95a3CRMv9xHY7UGjd4JKvfSkmQu2,"63tcD1Jk7Y6LvKhjjAjzz5DzRMdS8TTVh8tLSpkUQjv3",2023-10-04 17:16:01.125
310,tokens,"4UuGQgkD3rSeoXatXRWwRfRd21G87d5LiCfkVzNNv1Tt","5HECSArWYSFWf6Wna6zewsCZAQbE3jBLR3otp7LdpN2H",2023-10-05 09:10:11.758
311,tokens,"4UuGQgkD3rSeoXatXRWwRfRd21G87d5LiCfkVzNNv1Tt",C7zSi5XqgwKYVCCNUJJAXp4jrzgqSB3RhKnaKNakmXCj,2023-10-05 09:15:13.964
312,tokens,"4UuGQgkD3rSeoXatXRWwRfRd21G87d5LiCfkVzNNv1Tt","6S1N16QkEjaVfsuEuctpyiJU9now339JUJy8QECU6nQn",2023-10-05 09:50:07.800
313,tokens,"8ymi88q5DtmdNTn2sPRNFkvMkszMHuLJ1e3RVdWjPa3s","6S1N16QkEjaVfsuEuctpyiJU9now339JUJy8QECU6nQn",2023-10-05 09:51:42.218
314,tokens,"4UuGQgkD3rSeoXatXRWwRfRd21G87d5LiCfkVzNNv1Tt","2N3A9XtnkGF6cnouNv2dw9K4WE9buC8prccf13G3ADdG",2023-10-05 14:54:15.116
315,tokens,H7Qc9APCWWGDVxGD5fJHmLTmdEgT9GFatAKFNg6sHh8A,"2N3A9XtnkGF6cnouNv2dw9K4WE9buC8prccf13G3ADdG",2023-10-05 14:55:10.962
316,tokens,H7Qc9APCWWGDVxGD5fJHmLTmdEgT9GFatAKFNg6sHh8A,"87QTKXzyKRDPkvybbWnxBpjpppRWyMpMEmBRAVXAZPFX",2023-10-08 11:54:01.542
317,tokens,"5tB5D6DGJMxxHYmNkfJNG237x6pZGEwTzGpUUh62yQJ7","87QTKXzyKRDPkvybbWnxBpjpppRWyMpMEmBRAVXAZPFX",2023-10-08 11:54:06.976
318,tokens,"5tB5D6DGJMxxHYmNkfJNG237x6pZGEwTzGpUUh62yQJ7","7Jbk1TqSvmpK52mKV7xVxoGNVdeh8zRUqzr9Ak1ovUgg",2023-10-08 12:03:58.786
319,tokens,"5tB5D6DGJMxxHYmNkfJNG237x6pZGEwTzGpUUh62yQJ7","8XaksbRDe7X9BpTYAgsDHd9BePcxtLyH4zAh31htCGgK",2023-10-08 12:38:13.512
320,tokens,"5tB5D6DGJMxxHYmNkfJNG237x6pZGEwTzGpUUh62yQJ7",DVzCARCsMJzSMgSBFGiCcaWHWw7MJ1mPQg8Qp4P3S8Lp,2023-10-08 12:38:38.929
321,tokens,"5tB5D6DGJMxxHYmNkfJNG237x6pZGEwTzGpUUh62yQJ7",GSmCgQEQvXK5pczymNit39i5cLiRFtVuoBGSczgkgzzZ,2023-10-08 12:52:06.965
322,tokens,"5tB5D6DGJMxxHYmNkfJNG237x6pZGEwTzGpUUh62yQJ7",E2rNcTMKkue3kGEQd1MCB7NEjv9XJ7cuTiNMMUqMerkd,2023-10-08 12:52:12.931
323,tokens,"5tB5D6DGJMxxHYmNkfJNG237x6pZGEwTzGpUUh62yQJ7","2EDDcMqTFyXWAM1eDYecLDdmQTp1NofVszrLPZ6M9iKM",2023-10-08 12:52:45.730
324,tokens,"5tB5D6DGJMxxHYmNkfJNG237x6pZGEwTzGpUUh62yQJ7",Hq2rpZwguQhwU5whU4PFsxvQMrAbM9SxFFR6SqHscqGD,2023-10-08 12:52:50.542
325,tokens,"5tB5D6DGJMxxHYmNkfJNG237x6pZGEwTzGpUUh62yQJ7","2F8s6gpNzVokZn4xs7YCdgMw9whZTvyREtTbQM2uEox1",2023-10-08 12:56:25.727
326,tokens,"5tB5D6DGJMxxHYmNkfJNG237x6pZGEwTzGpUUh62yQJ7","2hjJuDX9j1G7Mw4bahqrGHQ6gx3b3SLPPsZGQ6AtaR4e",2023-10-08 12:56:36.838
327,tokens,"5tB5D6DGJMxxHYmNkfJNG237x6pZGEwTzGpUUh62yQJ7","9VPDuqcZRP6KpjD7tBLgRBpiHeRu5mw7GcTDNT4HJn3n",2023-10-08 12:57:34.845
328,tokens,"5tB5D6DGJMxxHYmNkfJNG237x6pZGEwTzGpUUh62yQJ7","2YcRVXAargsoJQWs2UHTGqwUQnjwoGUdj7zQyjnGzeve",2023-10-08 12:57:43.604
329,tokens,"5tB5D6DGJMxxHYmNkfJNG237x6pZGEwTzGpUUh62yQJ7","8fDd1dcXJexU2QoCE2MhhudEursLY1APkx7DxB9pzHWV",2023-10-08 13:08:53.221
330,tokens,"5tB5D6DGJMxxHYmNkfJNG237x6pZGEwTzGpUUh62yQJ7",GEBT1fgCS1dGEVamQEDQ1MWJDips3vqEbBW3deNG1WZL,2023-10-08 13:09:19.147
331,tokens,"5tB5D6DGJMxxHYmNkfJNG237x6pZGEwTzGpUUh62yQJ7",EsGYKd2ofpXbDgSjmVTdDo1xzMhJUsgeVz8NwXn5AxD7,2023-10-08 13:09:47.666
332,tokens,"5tB5D6DGJMxxHYmNkfJNG237x6pZGEwTzGpUUh62yQJ7","7TP5gxWqCNrnxkzBEVMMbse6uvaG8t4QZzFYqPxZov7R",2023-10-08 13:20:56.563
333,tokens,"5tB5D6DGJMxxHYmNkfJNG237x6pZGEwTzGpUUh62yQJ7","7cPTG5NuqKab3GXjqyqiNUSjeJAsEHERuwKHAZmFHFKK",2023-10-08 13:21:01.091
338,tokens,BKipkearSqAUdNKa1WDstvcMjoPsSKBuNyvKDQDDu9WE,"7cPTG5NuqKab3GXjqyqiNUSjeJAsEHERuwKHAZmFHFKK",2023-10-08 13:24:11.109
340,tokens,"8ymi88q5DtmdNTn2sPRNFkvMkszMHuLJ1e3RVdWjPa3s","7cPTG5NuqKab3GXjqyqiNUSjeJAsEHERuwKHAZmFHFKK",2023-10-08 13:24:19.892
342,tags,metaverse,"7cPTG5NuqKab3GXjqyqiNUSjeJAsEHERuwKHAZmFHFKK",2023-10-08 13:25:06.488
343,tags,play-to-earn,"7cPTG5NuqKab3GXjqyqiNUSjeJAsEHERuwKHAZmFHFKK",2023-10-08 13:25:08.747
344,tags,collectibles-nfts,"7cPTG5NuqKab3GXjqyqiNUSjeJAsEHERuwKHAZmFHFKK",2023-10-08 13:25:10.618
345,tokens,F3nefJBcejYbtdREjui1T9DPh5dBgpkKq7u2GAAMXs5B,"7cPTG5NuqKab3GXjqyqiNUSjeJAsEHERuwKHAZmFHFKK",2023-10-08 13:25:15.519
346,tokens,EFqYVEitSUpUTj2d9LSqun4eZ4BzouFuTPqQzU4hNtsS,EzthNrE9p6hhNPdk3DkdcZy4AEQJv2XzF63YbTgJuzNh,2023-10-11 11:49:04.048
347,tags,metaverse,J8CziCKYMK81wqM48EZzWfQ6bKLhN5iRrkX5b7y8yBVz,2023-10-11 17:14:38.672
348,tokens,"5tB5D6DGJMxxHYmNkfJNG237x6pZGEwTzGpUUh62yQJ7",J8CziCKYMK81wqM48EZzWfQ6bKLhN5iRrkX5b7y8yBVz,2023-10-11 17:14:59.003
349,token_interaction,"5tB5D6DGJMxxHYmNkfJNG237x6pZGEwTzGpUUh62yQJ7",J8CziCKYMK81wqM48EZzWfQ6bKLhN5iRrkX5b7y8yBVz,2023-10-11 17:15:29.518
351,tokens,"5tB5D6DGJMxxHYmNkfJNG237x6pZGEwTzGpUUh62yQJ7",AuxZSd22vGPmRWQFD87rmF6mNikKp3yzX1x5A6rJGaZH,2023-10-11 17:16:53.589
352,token_interaction,"5tB5D6DGJMxxHYmNkfJNG237x6pZGEwTzGpUUh62yQJ7",AuxZSd22vGPmRWQFD87rmF6mNikKp3yzX1x5A6rJGaZH,2023-10-11 17:16:56.710
353,tags,metaverse,AuxZSd22vGPmRWQFD87rmF6mNikKp3yzX1x5A6rJGaZH,2023-10-11 17:17:48.323
357,tokens,BKipkearSqAUdNKa1WDstvcMjoPsSKBuNyvKDQDDu9WE,AuxZSd22vGPmRWQFD87rmF6mNikKp3yzX1x5A6rJGaZH,2023-10-11 17:19:28.539
